timeStamp,elapsed,label,responseCode,responseMessage,threadName,dataType,success,failureMessage,bytes,sentBytes,grpThreads,allThreads,URL,Latency,IdleTime,Connect
1727213695777,865,Register,201,Created,Thread Group 1-1,text,true,,1396,284,1,1,https://todo.qacart.com/api/v1/users/register,863,0,588
1727213696670,139,tasks,200,OK,Thread Group 1-1,text,true,,792,349,2,2,https://todo.qacart.com/api/v1/tasks,139,0,0
1727213696810,145,Add New Todo Task,201,Created,Thread Group 1-1,text,true,,942,441,2,2,https://todo.qacart.com/api/v1/tasks,145,0,0
1727213696955,225,tasks,200,OK,Thread Group 1-1,text,true,,949,349,2,2,https://todo.qacart.com/api/v1/tasks,225,0,0
1727213696696,487,Register,201,Created,Thread Group 1-2,text,true,,1396,284,2,2,https://todo.qacart.com/api/v1/users/register,487,0,218
1727213697180,148,Delete Todo Task,200,OK,Thread Group 1-1,text,true,,937,460,2,2,https://todo.qacart.com/api/v1/tasks/66f33080e37f8100147bdf78,148,0,0
1727213697183,145,tasks,200,OK,Thread Group 1-2,text,true,,792,349,2,2,https://todo.qacart.com/api/v1/tasks,145,0,0
1727213697328,144,tasks,200,OK,Thread Group 1-1,text,true,,792,349,2,2,https://todo.qacart.com/api/v1/tasks,144,0,0
1727213697328,151,Add New Todo Task,201,Created,Thread Group 1-2,text,true,,942,441,1,1,https://todo.qacart.com/api/v1/tasks,151,0,0
1727213697479,145,tasks,200,OK,Thread Group 1-2,text,true,,949,349,1,1,https://todo.qacart.com/api/v1/tasks,145,0,0
1727213697625,138,Delete Todo Task,200,OK,Thread Group 1-2,text,true,,933,460,2,2,https://todo.qacart.com/api/v1/tasks/66f33080e37f8100147bdf81,138,0,0
1727213697763,136,tasks,200,OK,Thread Group 1-2,text,true,,788,349,2,2,https://todo.qacart.com/api/v1/tasks,136,0,0
1727213697691,498,Register,201,Created,Thread Group 1-3,text,true,,1392,284,1,1,https://todo.qacart.com/api/v1/users/register,498,0,232
1727213698190,144,tasks,200,OK,Thread Group 1-3,text,true,,788,349,1,1,https://todo.qacart.com/api/v1/tasks,144,0,0
1727213698334,136,Add New Todo Task,201,Created,Thread Group 1-3,text,true,,938,441,1,1,https://todo.qacart.com/api/v1/tasks,136,0,0
1727213698471,142,tasks,200,OK,Thread Group 1-3,text,true,,945,349,1,1,https://todo.qacart.com/api/v1/tasks,142,0,0
1727213698613,141,Delete Todo Task,200,OK,Thread Group 1-3,text,true,,949,460,2,2,https://todo.qacart.com/api/v1/tasks/66f33081e37f8100147bdf8a,141,0,0
1727213698754,141,tasks,200,OK,Thread Group 1-3,text,true,,804,349,2,2,https://todo.qacart.com/api/v1/tasks,141,0,0
1727213698687,498,Register,201,Created,Thread Group 1-4,text,true,,1408,284,1,1,https://todo.qacart.com/api/v1/users/register,498,0,231
1727213699185,157,tasks,200,OK,Thread Group 1-4,text,true,,804,349,1,1,https://todo.qacart.com/api/v1/tasks,157,0,0
1727213699343,150,Add New Todo Task,201,Created,Thread Group 1-4,text,true,,954,441,1,1,https://todo.qacart.com/api/v1/tasks,150,0,0
1727213699493,157,tasks,200,OK,Thread Group 1-4,text,true,,961,349,1,1,https://todo.qacart.com/api/v1/tasks,157,0,0
1727213699650,142,Delete Todo Task,200,OK,Thread Group 1-4,text,true,,937,460,2,2,https://todo.qacart.com/api/v1/tasks/66f33082e37f8100147bdf93,142,0,0
1727213699792,155,tasks,200,OK,Thread Group 1-4,text,true,,792,349,2,2,https://todo.qacart.com/api/v1/tasks,155,0,0
1727213699687,512,Register,201,Created,Thread Group 1-5,text,true,,1396,284,1,1,https://todo.qacart.com/api/v1/users/register,512,0,245
1727213700201,132,tasks,200,OK,Thread Group 1-5,text,true,,792,349,1,1,https://todo.qacart.com/api/v1/tasks,132,0,0
1727213700334,141,Add New Todo Task,201,Created,Thread Group 1-5,text,true,,942,441,1,1,https://todo.qacart.com/api/v1/tasks,141,0,0
1727213700475,142,tasks,200,OK,Thread Group 1-5,text,true,,949,349,1,1,https://todo.qacart.com/api/v1/tasks,142,0,0
1727213700618,137,Delete Todo Task,200,OK,Thread Group 1-5,text,true,,945,460,2,2,https://todo.qacart.com/api/v1/tasks/66f33083e37f8100147bdf9c,137,0,0
1727213700756,142,tasks,200,OK,Thread Group 1-5,text,true,,800,349,2,2,https://todo.qacart.com/api/v1/tasks,142,0,0
1727213700685,497,Register,201,Created,Thread Group 1-6,text,true,,1404,284,1,1,https://todo.qacart.com/api/v1/users/register,497,0,233
1727213701183,130,tasks,200,OK,Thread Group 1-6,text,true,,800,349,1,1,https://todo.qacart.com/api/v1/tasks,130,0,0
1727213701313,149,Add New Todo Task,201,Created,Thread Group 1-6,text,true,,950,441,1,1,https://todo.qacart.com/api/v1/tasks,149,0,0
1727213701462,143,tasks,200,OK,Thread Group 1-6,text,true,,957,349,1,1,https://todo.qacart.com/api/v1/tasks,143,0,0
1727213701605,148,Delete Todo Task,200,OK,Thread Group 1-6,text,true,,937,460,2,2,https://todo.qacart.com/api/v1/tasks/66f33084e37f8100147bdfa5,148,0,0
1727213701754,135,tasks,200,OK,Thread Group 1-6,text,true,,792,349,2,2,https://todo.qacart.com/api/v1/tasks,135,0,0
1727213701684,488,Register,201,Created,Thread Group 1-7,text,true,,1396,284,1,1,https://todo.qacart.com/api/v1/users/register,488,0,228
1727213702173,133,tasks,200,OK,Thread Group 1-7,text,true,,792,349,1,1,https://todo.qacart.com/api/v1/tasks,133,0,0
1727213702307,151,Add New Todo Task,201,Created,Thread Group 1-7,text,true,,942,441,1,1,https://todo.qacart.com/api/v1/tasks,151,0,0
1727213702458,147,tasks,200,OK,Thread Group 1-7,text,true,,949,349,1,1,https://todo.qacart.com/api/v1/tasks,147,0,0
1727213702605,145,Delete Todo Task,200,OK,Thread Group 1-7,text,true,,937,460,2,2,https://todo.qacart.com/api/v1/tasks/66f33085e37f8100147bdfae,145,0,0
1727213702750,136,tasks,200,OK,Thread Group 1-7,text,true,,792,349,2,2,https://todo.qacart.com/api/v1/tasks,136,0,0
1727213702683,497,Register,201,Created,Thread Group 1-8,text,true,,1396,284,1,1,https://todo.qacart.com/api/v1/users/register,496,0,233
1727213703180,142,tasks,200,OK,Thread Group 1-8,text,true,,792,349,1,1,https://todo.qacart.com/api/v1/tasks,142,0,0
1727213703322,159,Add New Todo Task,201,Created,Thread Group 1-8,text,true,,942,441,1,1,https://todo.qacart.com/api/v1/tasks,159,0,0
1727213703481,144,tasks,200,OK,Thread Group 1-8,text,true,,949,349,1,1,https://todo.qacart.com/api/v1/tasks,144,0,0
1727213703625,158,Delete Todo Task,200,OK,Thread Group 1-8,text,true,,941,460,2,2,https://todo.qacart.com/api/v1/tasks/66f33086e37f8100147bdfb7,158,0,0
1727213703783,134,tasks,200,OK,Thread Group 1-8,text,true,,796,349,2,2,https://todo.qacart.com/api/v1/tasks,134,0,0
1727213703683,504,Register,201,Created,Thread Group 1-9,text,true,,1400,284,1,1,https://todo.qacart.com/api/v1/users/register,504,0,211
1727213704188,167,tasks,200,OK,Thread Group 1-9,text,true,,796,349,1,1,https://todo.qacart.com/api/v1/tasks,167,0,0
1727213704355,138,Add New Todo Task,201,Created,Thread Group 1-9,text,true,,946,441,1,1,https://todo.qacart.com/api/v1/tasks,138,0,0
1727213704494,139,tasks,200,OK,Thread Group 1-9,text,true,,953,349,1,1,https://todo.qacart.com/api/v1/tasks,139,0,0
1727213704633,140,Delete Todo Task,200,OK,Thread Group 1-9,text,true,,941,460,2,2,https://todo.qacart.com/api/v1/tasks/66f33087e37f8100147bdfc0,140,0,0
1727213704773,138,tasks,200,OK,Thread Group 1-9,text,true,,796,349,2,2,https://todo.qacart.com/api/v1/tasks,138,0,0
1727213704681,507,Register,201,Created,Thread Group 1-10,text,true,,1400,284,1,1,https://todo.qacart.com/api/v1/users/register,507,0,230
1727213705188,141,tasks,200,OK,Thread Group 1-10,text,true,,796,349,1,1,https://todo.qacart.com/api/v1/tasks,141,0,0
1727213705329,150,Add New Todo Task,201,Created,Thread Group 1-10,text,true,,946,441,1,1,https://todo.qacart.com/api/v1/tasks,150,0,0
1727213705479,136,tasks,200,OK,Thread Group 1-10,text,true,,953,349,1,1,https://todo.qacart.com/api/v1/tasks,136,0,0
1727213705615,138,Delete Todo Task,200,OK,Thread Group 1-10,text,true,,933,460,1,1,https://todo.qacart.com/api/v1/tasks/66f33088e37f8100147bdfc9,138,0,0
1727213705754,127,tasks,200,OK,Thread Group 1-10,text,true,,788,349,1,1,https://todo.qacart.com/api/v1/tasks,127,0,0
